episode,steps,reward_0,reward_1,reward_2,loss_0,loss_1,loss_2,collisions_0,collisions_1,collisions_2
0,3,-0.04007119471795332,-17.541531803796445,0.11618500657717644,0.001627187672494549,0.0,0.0,0.0,0.0,0.0
0,13,-0.09242975799602383,-1.2463243762978102,-3.909387405918835,0.00012516828249958069,0.5824801352227635,0.0,0.0,0.0,0.0
0,20,-0.024930018640514487,-2.577979556570728,-0.17516083955522846,6.258414124979035e-06,0.029124006761138178,0.6051609081853859,0.0,0.0,0.0
